               epoch,      train/box_loss,      train/obj_loss,      train/cls_loss,   metrics/precision,      metrics/recall,     metrics/mAP_0.5,metrics/mAP_0.5:0.95,        val/box_loss,        val/obj_loss,        val/cls_loss,               x/lr0,               x/lr1,               x/lr2
                   0,            0.032459,            0.032702,           0.0043211,             0.68925,             0.62659,             0.60058,             0.24729,            0.049645,            0.029991,            0.021252,              0.0946,              0.0006,              0.0006
                   1,            0.033062,            0.031497,           0.0047871,             0.69806,             0.62695,              0.6141,              0.2571,            0.048949,            0.029862,            0.020893,            0.088294,           0.0012936,           0.0012936
                   2,            0.033417,            0.031516,           0.0044895,              0.6907,             0.65221,             0.63741,             0.27072,            0.049132,            0.029269,             0.02113,             0.08198,           0.0019802,           0.0019802
                   3,            0.034427,            0.031355,           0.0045248,             0.67777,             0.64531,             0.61684,             0.27121,            0.048531,            0.029056,            0.020885,             0.07566,           0.0026599,           0.0026599
                   4,             0.03363,            0.031826,           0.0040882,              0.6709,             0.64945,             0.63423,             0.27156,            0.049465,            0.028553,            0.020084,            0.069333,           0.0033327,           0.0033327
                   5,            0.036329,            0.032313,            0.004777,             0.66655,             0.67254,             0.63909,             0.26671,            0.048847,            0.028798,            0.019848,            0.062999,           0.0039985,           0.0039985
                   6,            0.036153,            0.033185,           0.0048012,             0.67915,             0.65788,             0.62373,              0.2528,            0.051185,            0.028115,            0.019585,            0.056657,           0.0046574,           0.0046574
                   7,            0.037108,             0.03195,           0.0047273,             0.69422,             0.65652,             0.63547,             0.26514,            0.048861,            0.028308,             0.01816,            0.050309,           0.0053094,           0.0053094
                   8,            0.038087,            0.034386,           0.0048332,              0.7199,             0.64932,             0.64171,             0.26169,            0.049901,            0.027928,            0.019323,            0.043954,           0.0059545,           0.0059545
                   9,            0.037148,             0.03296,           0.0046929,             0.71299,             0.64861,             0.64249,             0.25734,            0.048524,            0.028418,            0.017784,            0.037593,           0.0065926,           0.0065926
                  10,            0.039438,            0.033148,           0.0051096,             0.60503,             0.64117,             0.58447,             0.22527,            0.053024,            0.027857,            0.018724,            0.031224,           0.0072238,           0.0072238
                  11,            0.040803,             0.03393,           0.0056165,             0.66437,             0.65599,             0.62963,             0.25592,            0.049254,            0.028089,            0.018181,            0.024848,           0.0078481,           0.0078481
                  12,                0.04,             0.03446,           0.0054282,             0.64793,             0.65193,             0.61799,             0.24532,            0.052587,            0.028366,             0.01675,            0.018465,           0.0084654,           0.0084654
                  13,            0.039767,             0.03484,           0.0052566,             0.68018,             0.66062,             0.63103,             0.25993,            0.049509,            0.028224,             0.01775,            0.012076,           0.0090758,           0.0090758
                  14,            0.040087,            0.034031,           0.0055998,             0.73135,             0.60801,             0.63916,             0.26597,            0.049886,            0.027863,            0.016489,            0.009307,            0.009307,            0.009307
                  15,            0.039997,            0.035291,           0.0052928,             0.68086,             0.65584,             0.63622,             0.25782,            0.050061,            0.027483,            0.017349,            0.009307,            0.009307,            0.009307
                  16,            0.040908,            0.035838,           0.0058923,             0.66001,             0.63073,             0.60218,             0.23885,            0.052561,            0.028044,            0.019039,           0.0092575,           0.0092575,           0.0092575
                  17,            0.039073,            0.033999,           0.0053544,             0.67253,             0.65285,               0.617,             0.25024,            0.049406,            0.028044,            0.015091,            0.009208,            0.009208,            0.009208
                  18,            0.039519,            0.034607,           0.0059057,             0.69387,             0.62381,             0.60585,             0.24809,            0.050279,            0.027941,            0.017759,           0.0091585,           0.0091585,           0.0091585
                  19,            0.038472,            0.036649,           0.0056908,             0.64165,             0.61346,             0.60954,              0.2453,            0.051332,            0.029514,            0.017784,            0.009109,            0.009109,            0.009109
                  20,            0.039313,             0.03568,           0.0058241,             0.64801,             0.61824,             0.57918,             0.24687,            0.051385,            0.028721,            0.019077,           0.0090595,           0.0090595,           0.0090595
                  21,            0.039429,            0.035026,           0.0060603,             0.64613,             0.60143,             0.58847,             0.24495,            0.053171,            0.029443,            0.018738,             0.00901,             0.00901,             0.00901
                  22,            0.040363,             0.03481,           0.0059705,             0.65773,             0.59486,             0.56974,             0.24306,            0.051182,            0.028676,            0.021469,           0.0089605,           0.0089605,           0.0089605
                  23,            0.039276,             0.03645,            0.006042,             0.64983,             0.59049,             0.56573,              0.2259,            0.051795,            0.029024,            0.020115,            0.008911,            0.008911,            0.008911
                  24,            0.038945,            0.035553,           0.0062694,             0.65647,             0.62208,             0.58756,             0.22342,            0.052643,            0.028882,            0.019554,           0.0088615,           0.0088615,           0.0088615
                  25,            0.040093,            0.034823,           0.0065921,             0.66987,             0.64445,             0.60737,             0.24489,            0.052143,            0.028998,            0.018867,            0.008812,            0.008812,            0.008812
                  26,            0.039443,            0.035945,           0.0062053,             0.63926,             0.60492,             0.58493,             0.22771,            0.052179,            0.028953,            0.021988,           0.0087625,           0.0087625,           0.0087625
                  27,            0.038031,            0.034557,           0.0062701,             0.67716,             0.62787,             0.63178,             0.26485,             0.04999,            0.027947,            0.021221,            0.008713,            0.008713,            0.008713
                  28,            0.038463,            0.035783,           0.0060685,             0.65414,               0.614,             0.59873,             0.24329,            0.050882,            0.027986,            0.020523,           0.0086635,           0.0086635,           0.0086635
                  29,            0.038334,            0.035414,           0.0057568,             0.73879,             0.57291,             0.59559,             0.23715,            0.051305,             0.02836,            0.019386,            0.008614,            0.008614,            0.008614
                  30,             0.03836,            0.033572,           0.0056084,             0.67447,             0.58691,             0.60692,             0.24304,            0.050679,             0.02883,            0.019127,           0.0085645,           0.0085645,           0.0085645
                  31,            0.037903,            0.035744,           0.0057621,             0.66614,             0.58873,             0.59188,             0.26113,            0.049567,            0.027741,            0.019775,            0.008515,            0.008515,            0.008515
                  32,            0.039238,            0.034594,           0.0058965,             0.59679,             0.57394,             0.55569,             0.21869,            0.053677,             0.02776,             0.02145,           0.0084655,           0.0084655,           0.0084655
                  33,            0.039014,            0.035747,           0.0057071,             0.70826,             0.57892,             0.60145,             0.23998,            0.050447,            0.026754,             0.02005,            0.008416,            0.008416,            0.008416
                  34,            0.037492,            0.035104,           0.0057758,             0.59702,             0.59718,             0.56747,             0.23518,            0.049397,            0.027747,            0.022015,           0.0083665,           0.0083665,           0.0083665
                  35,            0.037324,            0.034014,           0.0059946,             0.65841,             0.59968,             0.59157,             0.22533,            0.049232,            0.027715,            0.020794,            0.008317,            0.008317,            0.008317
                  36,            0.038073,            0.037233,           0.0059483,             0.66176,             0.63727,             0.62211,             0.24001,            0.051029,            0.027734,            0.021996,           0.0082675,           0.0082675,           0.0082675
                  37,            0.038057,            0.034881,           0.0056927,             0.66517,             0.62073,              0.5889,             0.24177,            0.051742,            0.029952,               0.021,            0.008218,            0.008218,            0.008218
                  38,            0.038688,            0.033727,           0.0061954,             0.60655,             0.63135,             0.56855,             0.22028,            0.051892,            0.029333,            0.022961,           0.0081685,           0.0081685,           0.0081685
                  39,             0.03899,            0.033661,            0.006445,             0.60573,             0.63055,             0.59367,             0.24636,            0.050551,            0.028701,            0.020081,            0.008119,            0.008119,            0.008119
                  40,             0.03832,            0.035139,           0.0061245,             0.63879,             0.61811,             0.57737,             0.24462,            0.051532,            0.027322,            0.022366,           0.0080695,           0.0080695,           0.0080695
                  41,            0.037667,             0.03494,           0.0059212,              0.5978,             0.66178,              0.6036,              0.2456,            0.050213,            0.027128,            0.018806,             0.00802,             0.00802,             0.00802
                  42,            0.037301,            0.033625,           0.0054841,             0.65136,             0.63295,             0.60416,             0.25881,            0.050093,            0.027825,             0.01997,           0.0079705,           0.0079705,           0.0079705
                  43,            0.037906,            0.035353,            0.005443,             0.65618,             0.63794,             0.60539,             0.24941,            0.050438,            0.028921,            0.021957,            0.007921,            0.007921,            0.007921
                  44,            0.037683,            0.034951,           0.0059131,             0.65584,             0.65214,             0.62929,             0.24848,            0.051331,            0.027122,            0.018959,           0.0078715,           0.0078715,           0.0078715
                  45,            0.036758,            0.034374,           0.0062403,             0.64541,             0.64092,             0.63054,             0.25537,            0.050709,            0.028095,            0.021091,            0.007822,            0.007822,            0.007822
                  46,            0.036961,            0.034823,           0.0055264,             0.67868,             0.61645,             0.62686,             0.26256,            0.051646,            0.029604,            0.020416,           0.0077725,           0.0077725,           0.0077725
                  47,            0.037815,            0.034669,            0.005796,             0.68552,             0.65039,             0.62766,             0.26197,             0.04991,            0.027754,            0.020294,            0.007723,            0.007723,            0.007723
                  48,            0.036424,            0.033684,           0.0055215,             0.70916,             0.61814,             0.61334,             0.25071,            0.050177,            0.029107,            0.021427,           0.0076735,           0.0076735,           0.0076735
                  49,            0.036152,            0.033727,           0.0055724,              0.7137,             0.63909,             0.63653,             0.25603,            0.050439,            0.028766,            0.021305,            0.007624,            0.007624,            0.007624
                  50,            0.037574,            0.034966,           0.0057672,             0.72067,             0.61922,             0.62784,             0.25533,            0.050646,            0.028792,            0.020433,           0.0075745,           0.0075745,           0.0075745
                  51,            0.035479,            0.033152,            0.005289,             0.65409,             0.62174,             0.59092,             0.23736,            0.050282,            0.028547,            0.019455,            0.007525,            0.007525,            0.007525
                  52,            0.036575,            0.032887,           0.0051591,             0.63422,             0.63457,             0.60186,             0.24422,            0.049839,             0.02836,            0.019493,           0.0074755,           0.0074755,           0.0074755
                  53,            0.035925,             0.03389,           0.0051073,             0.63815,             0.64038,             0.61771,             0.25222,            0.049155,            0.028186,            0.018661,            0.007426,            0.007426,            0.007426
                  54,            0.035993,            0.033998,           0.0052956,             0.60998,             0.68153,              0.6185,             0.27312,            0.048808,            0.028804,            0.018272,           0.0073765,           0.0073765,           0.0073765
                  55,             0.03713,            0.035104,           0.0053624,             0.64194,             0.59629,             0.56976,             0.24706,            0.049643,            0.028508,            0.020145,            0.007327,            0.007327,            0.007327
                  56,            0.035554,            0.032331,           0.0054831,             0.70979,             0.59024,             0.59119,             0.23881,            0.049752,            0.028837,            0.018951,           0.0072775,           0.0072775,           0.0072775
                  57,            0.035986,            0.034913,            0.005199,             0.67504,             0.61217,             0.57898,             0.23316,            0.050693,            0.029739,            0.019375,            0.007228,            0.007228,            0.007228
                  58,            0.034696,            0.032504,           0.0051178,             0.68154,             0.59984,             0.59577,             0.23991,            0.051565,             0.02934,            0.020214,           0.0071785,           0.0071785,           0.0071785
                  59,            0.036654,            0.034305,           0.0050982,             0.69419,             0.64523,             0.62006,             0.25658,            0.050931,            0.028708,            0.021229,            0.007129,            0.007129,            0.007129
                  60,            0.035799,            0.033365,            0.005757,             0.67131,             0.62778,             0.60253,             0.24169,            0.050791,            0.028508,            0.022697,           0.0070795,           0.0070795,           0.0070795
                  61,            0.035597,              0.0333,           0.0053552,             0.72205,             0.59358,             0.60137,             0.24795,            0.051274,            0.029294,            0.021858,             0.00703,             0.00703,             0.00703
                  62,             0.03582,             0.03339,           0.0053261,              0.6528,              0.6211,             0.59445,             0.23666,            0.050781,            0.028489,            0.019985,           0.0069805,           0.0069805,           0.0069805
                  63,            0.035403,            0.033133,           0.0050589,             0.62743,             0.63616,             0.60879,             0.24199,            0.049668,            0.028276,            0.021935,            0.006931,            0.006931,            0.006931
                  64,             0.03578,            0.032774,           0.0052228,             0.68469,              0.6149,             0.60015,             0.24834,            0.050663,            0.029578,            0.020531,           0.0068815,           0.0068815,           0.0068815
                  65,            0.035316,            0.032898,           0.0048884,             0.65202,             0.59772,             0.59459,             0.24543,            0.050152,             0.02914,            0.020405,            0.006832,            0.006832,            0.006832
                  66,            0.034197,            0.033265,           0.0048749,             0.63605,              0.6817,             0.61631,             0.25588,             0.05038,            0.029327,            0.021099,           0.0067825,           0.0067825,           0.0067825
                  67,            0.034259,             0.03283,           0.0049304,             0.64431,             0.65268,             0.59177,             0.24684,            0.050259,            0.029907,             0.02261,            0.006733,            0.006733,            0.006733
                  68,             0.03539,            0.032792,            0.005478,             0.74592,               0.625,             0.63405,             0.27717,            0.048862,            0.029688,            0.019592,           0.0066835,           0.0066835,           0.0066835
                  69,            0.034748,            0.032277,           0.0047749,             0.70143,             0.62564,             0.61346,             0.25849,            0.049834,            0.029481,            0.022259,            0.006634,            0.006634,            0.006634
                  70,            0.035272,            0.033405,           0.0047852,             0.66732,             0.65146,             0.63107,             0.27357,            0.049557,            0.029713,            0.021862,           0.0065845,           0.0065845,           0.0065845
                  71,             0.03546,            0.032929,           0.0054805,             0.69356,             0.61387,              0.6111,             0.26054,            0.050267,            0.028933,             0.02116,            0.006535,            0.006535,            0.006535
                  72,            0.034149,             0.03147,           0.0049659,              0.6888,             0.57685,             0.61317,             0.26919,            0.050182,            0.030055,            0.023102,           0.0064855,           0.0064855,           0.0064855
                  73,            0.034165,            0.031411,           0.0049627,             0.66381,             0.62913,             0.60574,             0.25784,             0.04975,            0.029262,            0.022381,            0.006436,            0.006436,            0.006436
                  74,            0.034905,            0.032841,           0.0051585,             0.65548,             0.64261,             0.61956,             0.25155,            0.050741,            0.029159,            0.023136,           0.0063865,           0.0063865,           0.0063865
                  75,            0.034359,            0.031655,           0.0049464,              0.6892,              0.6552,             0.64286,             0.26155,            0.050322,            0.028012,            0.019924,            0.006337,            0.006337,            0.006337
                  76,            0.035554,            0.033371,           0.0051418,             0.70321,              0.6605,             0.62737,             0.26009,            0.050101,            0.027915,            0.019909,           0.0062875,           0.0062875,           0.0062875
                  77,            0.034286,            0.031793,            0.005037,             0.67739,             0.65054,             0.61415,             0.26897,            0.048995,            0.028721,            0.018967,            0.006238,            0.006238,            0.006238
                  78,            0.033064,            0.030304,           0.0050635,              0.6765,             0.64185,             0.59419,             0.25604,            0.049209,            0.029881,            0.020252,           0.0061885,           0.0061885,           0.0061885
                  79,            0.035634,            0.032009,           0.0050801,              0.6769,             0.62053,              0.5831,             0.24141,             0.05034,            0.030487,            0.020844,            0.006139,            0.006139,            0.006139
                  80,            0.033546,            0.030813,           0.0050477,             0.65033,             0.60281,             0.55726,             0.22394,            0.050785,            0.029952,            0.020786,           0.0060895,           0.0060895,           0.0060895
                  81,            0.033537,            0.033442,           0.0053173,              0.6633,             0.57287,             0.56104,             0.22831,            0.050097,             0.02961,            0.021118,             0.00604,             0.00604,             0.00604
                  82,            0.033837,            0.032574,           0.0048983,             0.69694,             0.63148,             0.59751,               0.244,            0.049996,            0.028979,            0.019276,           0.0059905,           0.0059905,           0.0059905
                  83,            0.032748,            0.031897,           0.0045832,             0.72676,             0.62143,             0.61208,             0.25455,            0.049823,            0.028753,            0.019268,            0.005941,            0.005941,            0.005941
                  84,            0.033216,            0.030078,           0.0042146,             0.71048,             0.63642,             0.64347,             0.27785,            0.049362,             0.02912,            0.019791,           0.0058915,           0.0058915,           0.0058915
                  85,            0.033692,            0.031274,           0.0048089,             0.66559,             0.59551,             0.58831,             0.25357,            0.049283,            0.029436,            0.022182,            0.005842,            0.005842,            0.005842
                  86,            0.033067,             0.03112,           0.0047241,             0.68972,             0.62977,             0.61749,             0.26557,            0.049092,            0.028624,            0.020641,           0.0057925,           0.0057925,           0.0057925
                  87,            0.032459,            0.030964,           0.0047779,             0.64861,             0.59786,             0.57916,             0.23953,            0.050719,            0.030977,            0.022335,            0.005743,            0.005743,            0.005743
                  88,            0.033412,            0.031981,           0.0050717,             0.62607,              0.6146,             0.56942,             0.24372,            0.050407,            0.029694,            0.021542,           0.0056935,           0.0056935,           0.0056935
                  89,            0.033371,            0.031396,           0.0048052,              0.6902,             0.63244,             0.63319,             0.26521,            0.049303,             0.02952,            0.020679,            0.005644,            0.005644,            0.005644
                  90,             0.03327,            0.031723,           0.0047124,             0.71351,             0.59521,             0.60174,             0.25174,            0.049393,            0.029404,            0.022408,           0.0055945,           0.0055945,           0.0055945
                  91,            0.032925,            0.030958,           0.0048253,             0.63833,             0.62139,             0.59982,             0.25436,            0.049703,            0.028746,            0.021744,            0.005545,            0.005545,            0.005545
                  92,            0.032893,            0.030009,           0.0046912,             0.65832,             0.58623,             0.57842,             0.24562,            0.049765,            0.029746,            0.021442,           0.0054955,           0.0054955,           0.0054955
                  93,            0.032843,            0.030028,           0.0046952,             0.66703,             0.61311,             0.59202,             0.24327,            0.050295,            0.031087,            0.021976,            0.005446,            0.005446,            0.005446
                  94,            0.032136,            0.031384,           0.0047191,             0.69549,             0.61001,             0.61313,             0.25689,            0.050102,            0.030835,            0.021324,           0.0053965,           0.0053965,           0.0053965
                  95,            0.032888,            0.031412,           0.0043987,             0.69994,             0.63484,             0.62629,             0.25296,             0.05087,            0.030171,            0.020905,            0.005347,            0.005347,            0.005347
                  96,            0.032347,            0.031425,           0.0046421,             0.60248,             0.58967,             0.56728,             0.22374,            0.052723,            0.031383,            0.021667,           0.0052975,           0.0052975,           0.0052975
                  97,            0.031495,            0.028797,           0.0042893,             0.66245,             0.61334,              0.6088,             0.25753,            0.050839,            0.033021,            0.022038,            0.005248,            0.005248,            0.005248
                  98,            0.032775,            0.030913,           0.0046637,             0.65299,             0.59879,             0.59695,              0.2491,             0.05078,            0.032202,            0.022038,           0.0051985,           0.0051985,           0.0051985
                  99,            0.031976,            0.030067,           0.0048895,              0.6788,             0.62318,             0.59551,             0.23338,            0.051228,            0.031602,             0.02005,            0.005149,            0.005149,            0.005149
                 100,            0.033274,            0.033465,           0.0046929,             0.69089,             0.60211,             0.57979,             0.24658,            0.050102,            0.029881,            0.019642,           0.0050995,           0.0050995,           0.0050995
                 101,            0.031437,            0.030588,           0.0043246,             0.74698,             0.61884,             0.61732,             0.25873,             0.04986,            0.030822,             0.01936,             0.00505,             0.00505,             0.00505
                 102,            0.032323,            0.030035,           0.0045557,              0.7651,             0.61524,             0.62834,             0.25741,            0.049665,            0.030945,            0.018894,           0.0050005,           0.0050005,           0.0050005
                 103,            0.031205,            0.030599,           0.0045662,             0.69699,             0.60636,             0.64317,             0.26415,            0.050199,            0.030893,            0.019569,            0.004951,            0.004951,            0.004951
                 104,            0.031687,            0.030643,            0.004856,             0.67673,             0.62173,             0.61026,              0.2514,            0.050435,            0.032782,            0.024788,           0.0049015,           0.0049015,           0.0049015
                 105,            0.031598,            0.029616,            0.004733,             0.68883,             0.64456,             0.62397,             0.25899,            0.050587,            0.031338,            0.021069,            0.004852,            0.004852,            0.004852
                 106,            0.031558,            0.030637,           0.0043248,             0.66922,             0.66717,             0.64259,             0.27193,             0.04988,            0.030184,            0.020325,           0.0048025,           0.0048025,           0.0048025
                 107,             0.03132,            0.032607,           0.0044297,             0.69442,             0.66826,             0.65663,             0.27464,            0.049946,            0.029346,            0.019657,            0.004753,            0.004753,            0.004753
                 108,            0.030848,             0.02976,           0.0042105,              0.7148,              0.6254,             0.64094,             0.27249,            0.049613,            0.029507,            0.020241,           0.0047035,           0.0047035,           0.0047035
                 109,            0.031379,            0.029411,           0.0043329,             0.69155,              0.6361,             0.65738,             0.27255,            0.049612,            0.029842,            0.019806,            0.004654,            0.004654,            0.004654
                 110,            0.031712,            0.029954,           0.0044524,             0.70622,             0.63794,             0.64927,             0.26706,            0.050044,             0.03041,            0.020523,           0.0046045,           0.0046045,           0.0046045
                 111,            0.030806,             0.02908,           0.0040475,             0.66258,             0.66207,             0.64354,             0.26337,            0.050485,             0.03012,            0.020424,            0.004555,            0.004555,            0.004555
                 112,            0.030832,            0.030834,           0.0044491,             0.63658,             0.66071,             0.61057,             0.26563,            0.049586,            0.030352,            0.020508,           0.0045055,           0.0045055,           0.0045055
                 113,            0.030662,            0.028796,           0.0044014,             0.66676,             0.65179,             0.61993,              0.2632,            0.049489,            0.030951,            0.020699,            0.004456,            0.004456,            0.004456
                 114,            0.030863,            0.031285,           0.0045842,             0.67983,              0.6449,             0.62344,             0.25974,            0.049635,              0.0305,            0.021801,           0.0044065,           0.0044065,           0.0044065
                 115,            0.030838,             0.02886,           0.0044707,             0.65532,             0.61602,             0.58396,             0.24423,             0.04953,            0.031486,             0.02404,            0.004357,            0.004357,            0.004357
                 116,            0.031027,            0.030926,           0.0044668,             0.65428,             0.65148,             0.62086,             0.25029,            0.050285,            0.031338,            0.021732,           0.0043075,           0.0043075,           0.0043075
                 117,            0.031126,            0.032672,           0.0046252,               0.695,             0.68536,             0.63376,             0.25382,            0.050009,            0.030925,            0.021675,            0.004258,            0.004258,            0.004258
                 118,            0.029219,            0.030468,           0.0039585,             0.69097,             0.62368,             0.60779,             0.23969,            0.050068,            0.031454,            0.022697,           0.0042085,           0.0042085,           0.0042085
                 119,            0.029769,            0.028484,           0.0037254,             0.62659,             0.63972,             0.59923,             0.24794,            0.050036,            0.031628,            0.022282,            0.004159,            0.004159,            0.004159
                 120,            0.031009,            0.029525,           0.0044379,             0.63767,             0.65369,             0.61433,             0.24806,            0.049743,            0.030874,            0.022861,           0.0041095,           0.0041095,           0.0041095
                 121,            0.030526,            0.030159,            0.004262,             0.67743,             0.64408,             0.61041,             0.24701,            0.050551,            0.031725,            0.023018,             0.00406,             0.00406,             0.00406
                 122,            0.030137,            0.029921,           0.0038566,             0.69397,             0.63379,             0.62959,             0.25719,             0.05016,            0.031847,            0.021511,           0.0040105,           0.0040105,           0.0040105
                 123,            0.030667,            0.030748,           0.0042009,             0.71067,             0.66008,               0.651,             0.26676,            0.050674,            0.031873,            0.020233,            0.003961,            0.003961,            0.003961
                 124,            0.029321,            0.031096,           0.0038359,             0.73236,             0.65774,             0.65149,             0.27335,            0.050134,            0.031138,            0.019764,           0.0039115,           0.0039115,           0.0039115
                 125,            0.030064,            0.028197,           0.0039131,             0.78574,             0.66821,             0.65943,             0.28433,            0.049192,            0.031415,            0.019295,            0.003862,            0.003862,            0.003862
                 126,            0.029658,            0.029421,            0.004223,             0.73352,             0.62019,             0.63827,             0.26506,            0.049455,            0.031654,            0.021236,           0.0038125,           0.0038125,           0.0038125
                 127,            0.029375,            0.030121,           0.0039353,             0.73185,             0.61989,             0.61198,             0.25757,            0.049647,            0.031912,            0.023556,            0.003763,            0.003763,            0.003763
                 128,            0.029568,            0.028815,           0.0041145,             0.74296,             0.66946,               0.648,             0.27031,            0.050084,            0.032073,            0.023293,           0.0037135,           0.0037135,           0.0037135
                 129,            0.029579,             0.02844,            0.004025,             0.73667,             0.66264,             0.64313,              0.2714,            0.050046,            0.032357,            0.021786,            0.003664,            0.003664,            0.003664
                 130,            0.029933,            0.028903,           0.0042169,             0.71543,             0.65712,             0.63725,             0.26987,            0.050085,            0.031899,            0.021782,           0.0036145,           0.0036145,           0.0036145
                 131,            0.029772,            0.028899,           0.0042092,             0.69889,             0.65813,             0.64338,             0.27098,            0.049987,            0.031216,            0.021084,            0.003565,            0.003565,            0.003565
                 132,            0.030197,            0.030604,            0.004126,             0.71707,             0.64317,             0.64592,             0.26228,             0.05021,            0.031274,            0.019634,           0.0035155,           0.0035155,           0.0035155
                 133,            0.029846,            0.030348,           0.0041181,             0.74237,             0.61643,             0.63557,             0.26425,             0.04963,            0.031725,            0.020695,            0.003466,            0.003466,            0.003466
                 134,            0.029792,            0.029383,           0.0039802,             0.72145,             0.62147,             0.62548,             0.26143,            0.049716,            0.031841,            0.020016,           0.0034165,           0.0034165,           0.0034165
                 135,            0.028715,            0.028242,           0.0040404,             0.68444,              0.6768,             0.64214,             0.27043,            0.050092,            0.031854,            0.020775,            0.003367,            0.003367,            0.003367
                 136,            0.029517,            0.029248,           0.0041803,             0.70126,             0.65593,             0.64273,             0.27069,            0.049227,            0.031499,            0.020985,           0.0033175,           0.0033175,           0.0033175
                 137,            0.030376,            0.028867,           0.0044588,              0.7445,              0.6314,             0.63266,             0.27079,            0.049511,            0.031899,             0.02071,            0.003268,            0.003268,            0.003268
                 138,            0.029176,            0.029091,           0.0043618,             0.70806,             0.65678,             0.63679,             0.26559,            0.049738,            0.032144,            0.021545,           0.0032185,           0.0032185,           0.0032185
                 139,            0.028975,            0.029216,           0.0039069,             0.70222,             0.65805,             0.64497,             0.27311,            0.049586,            0.031396,            0.021744,            0.003169,            0.003169,            0.003169
                 140,            0.029915,             0.03084,           0.0043525,             0.72638,             0.67921,              0.6576,             0.27684,            0.049873,            0.030835,            0.021927,           0.0031195,           0.0031195,           0.0031195
                 141,            0.028527,            0.027976,           0.0040789,             0.75162,             0.63083,             0.63181,             0.25824,            0.050465,            0.031158,            0.021957,             0.00307,             0.00307,             0.00307
                 142,            0.028982,            0.028021,            0.004032,             0.67792,             0.67384,             0.63279,             0.26093,            0.049594,            0.031383,             0.02063,           0.0030205,           0.0030205,           0.0030205
                 143,            0.029526,            0.029098,           0.0045465,             0.71645,             0.62137,             0.61315,              0.2469,            0.050314,            0.032086,             0.02322,            0.002971,            0.002971,            0.002971
                 144,             0.02922,            0.029449,           0.0044778,              0.6656,             0.63706,             0.60681,             0.24481,            0.049518,            0.031931,            0.020554,           0.0029215,           0.0029215,           0.0029215
                 145,            0.028557,             0.02817,           0.0040389,             0.69968,             0.62261,             0.63251,             0.27357,            0.049935,            0.032653,            0.020107,            0.002872,            0.002872,            0.002872
                 146,            0.028884,            0.029588,            0.003934,             0.66918,             0.67849,             0.65386,             0.28404,             0.04942,            0.032634,            0.019333,           0.0028225,           0.0028225,           0.0028225
                 147,            0.028758,            0.028066,           0.0041454,              0.6766,             0.69756,             0.67673,             0.29094,            0.049332,            0.032647,            0.019335,            0.002773,            0.002773,            0.002773
                 148,            0.028447,            0.029534,            0.003877,             0.70111,             0.65826,             0.64807,             0.27321,            0.049325,             0.03226,            0.020054,           0.0027235,           0.0027235,           0.0027235
                 149,            0.028696,            0.028907,           0.0039326,             0.66733,             0.69364,             0.64305,             0.27273,            0.049309,             0.03235,            0.019463,            0.002674,            0.002674,            0.002674
                 150,            0.028322,            0.029005,           0.0038807,              0.7131,             0.66081,             0.64541,             0.27824,            0.049061,            0.032363,            0.020512,           0.0026245,           0.0026245,           0.0026245
                 151,            0.028675,            0.028968,           0.0038552,             0.70546,             0.64644,             0.63516,             0.27076,            0.049414,            0.032473,            0.021576,            0.002575,            0.002575,            0.002575
                 152,            0.027851,            0.027447,           0.0037582,             0.70932,             0.65456,             0.63721,             0.26718,            0.049071,            0.032711,            0.021183,           0.0025255,           0.0025255,           0.0025255
                 153,            0.028746,            0.028153,           0.0039737,             0.73004,             0.60036,             0.62539,             0.25732,            0.049465,             0.03284,            0.021618,            0.002476,            0.002476,            0.002476
                 154,            0.028456,            0.028649,           0.0039639,             0.75655,             0.60007,             0.62609,             0.25469,            0.049586,            0.032511,            0.021793,           0.0024265,           0.0024265,           0.0024265
                 155,            0.028032,             0.02791,           0.0039318,             0.68604,             0.64172,             0.61591,             0.26551,            0.049774,            0.032653,            0.022179,            0.002377,            0.002377,            0.002377
                 156,            0.028249,            0.028675,           0.0040017,             0.66406,             0.65671,             0.62851,             0.27054,            0.049416,            0.032918,            0.022354,           0.0023275,           0.0023275,           0.0023275
                 157,            0.027751,            0.027652,           0.0041611,             0.68626,             0.64874,             0.63366,             0.26961,            0.049566,            0.033001,              0.0214,            0.002278,            0.002278,            0.002278
                 158,            0.027281,            0.027517,           0.0039773,             0.72955,             0.64722,             0.63884,             0.27014,            0.049257,            0.032776,            0.021481,           0.0022285,           0.0022285,           0.0022285
                 159,            0.028049,            0.027269,           0.0037798,             0.71632,             0.65739,             0.65453,             0.27623,            0.049112,            0.032318,            0.020927,            0.002179,            0.002179,            0.002179
                 160,             0.02778,            0.026574,           0.0040893,             0.68997,             0.67216,             0.64661,             0.26966,             0.04878,            0.031951,            0.021729,           0.0021295,           0.0021295,           0.0021295
                 161,            0.028062,            0.027923,           0.0038893,             0.74391,             0.66694,              0.6654,             0.27476,            0.048809,             0.03159,            0.022438,             0.00208,             0.00208,             0.00208
                 162,             0.02783,            0.027353,           0.0038191,             0.72695,             0.66009,             0.66994,             0.28217,            0.048889,            0.031577,            0.021217,           0.0020305,           0.0020305,           0.0020305
                 163,              0.0279,            0.028233,           0.0038599,             0.69632,             0.65683,             0.65263,             0.27533,            0.049476,            0.031499,            0.022034,            0.001981,            0.001981,            0.001981
                 164,            0.027586,            0.028931,           0.0036707,             0.72751,              0.6378,             0.66526,             0.28451,            0.048972,            0.031467,            0.022209,           0.0019315,           0.0019315,           0.0019315
                 165,            0.027547,            0.026587,           0.0039309,             0.71663,             0.66172,             0.67626,             0.28412,            0.049244,            0.032047,            0.022388,            0.001882,            0.001882,            0.001882
                 166,            0.027652,            0.027277,           0.0037738,             0.71902,             0.62378,             0.64688,             0.26972,            0.049485,            0.032021,            0.022602,           0.0018325,           0.0018325,           0.0018325
                 167,            0.027055,            0.026564,           0.0037994,             0.70216,             0.62405,             0.62692,             0.27177,            0.048941,            0.032183,             0.02216,            0.001783,            0.001783,            0.001783
                 168,            0.028021,            0.027486,           0.0039864,             0.71316,             0.66791,             0.65517,             0.28005,            0.048929,            0.032872,            0.022186,           0.0017335,           0.0017335,           0.0017335
                 169,            0.027108,            0.026989,           0.0042594,             0.67853,              0.6803,             0.66761,             0.28762,            0.048924,             0.03313,            0.021679,            0.001684,            0.001684,            0.001684
                 170,            0.027101,            0.027879,           0.0037437,             0.70783,             0.62308,             0.63994,             0.28084,            0.048682,            0.032911,             0.02087,           0.0016345,           0.0016345,           0.0016345
                 171,            0.026947,            0.026768,           0.0038138,             0.70904,             0.64612,             0.64087,             0.27265,            0.048958,            0.032395,            0.021461,            0.001585,            0.001585,            0.001585
                 172,            0.027809,            0.026964,           0.0040435,             0.72163,             0.66093,             0.64616,             0.27396,             0.04919,            0.032428,            0.022556,           0.0015355,           0.0015355,           0.0015355
                 173,             0.02687,            0.026197,           0.0036921,             0.75514,             0.64646,             0.65423,             0.27363,            0.048664,            0.032344,            0.022614,            0.001486,            0.001486,            0.001486
                 174,            0.027219,            0.027266,           0.0036702,             0.75317,             0.59748,             0.62728,             0.26559,            0.049638,             0.03237,             0.02359,           0.0014365,           0.0014365,           0.0014365
                 175,            0.027595,            0.027219,           0.0040877,              0.7396,             0.62199,             0.64547,             0.27162,            0.049496,            0.032627,            0.023586,            0.001387,            0.001387,            0.001387
                 176,            0.026938,            0.026373,           0.0038932,             0.70452,             0.65781,               0.648,             0.27107,            0.049624,            0.032557,            0.023029,           0.0013375,           0.0013375,           0.0013375
                 177,            0.026094,            0.026396,           0.0032731,             0.70106,             0.63345,             0.64344,             0.27107,            0.049511,            0.032299,            0.023033,            0.001288,            0.001288,            0.001288
                 178,            0.026575,            0.026352,           0.0039242,             0.71635,             0.60476,             0.61948,              0.2672,            0.049112,            0.032673,            0.023655,           0.0012385,           0.0012385,           0.0012385
                 179,            0.026407,            0.025924,           0.0038137,             0.71549,             0.61695,             0.62491,             0.26378,            0.049403,            0.032918,            0.023685,            0.001189,            0.001189,            0.001189
                 180,            0.026537,            0.026313,           0.0038416,             0.70631,             0.62904,             0.62493,             0.26332,            0.049401,            0.033092,            0.023937,           0.0011395,           0.0011395,           0.0011395
                 181,            0.026208,            0.027415,           0.0037532,             0.72962,             0.60881,             0.61681,             0.26315,            0.049406,            0.033072,            0.024006,             0.00109,             0.00109,             0.00109
                 182,            0.026439,            0.025595,           0.0037798,             0.69546,             0.60327,             0.60871,             0.26488,            0.049553,            0.033085,            0.024323,           0.0010405,           0.0010405,           0.0010405
                 183,            0.026328,             0.02657,           0.0039246,             0.70913,             0.62023,             0.62113,             0.26554,            0.049284,            0.033227,            0.024391,            0.000991,            0.000991,            0.000991
                 184,            0.026506,            0.026116,           0.0037998,             0.67146,             0.61556,             0.60491,             0.25544,            0.049609,             0.03315,            0.024418,           0.0009415,           0.0009415,           0.0009415
                 185,            0.026361,            0.025982,           0.0037911,             0.70455,              0.6093,             0.60716,             0.25414,            0.049543,            0.033214,            0.025211,            0.000892,            0.000892,            0.000892
                 186,            0.026034,            0.027576,           0.0035669,             0.66279,             0.61822,             0.59791,              0.2524,            0.049512,            0.033246,            0.025314,           0.0008425,           0.0008425,           0.0008425
                 187,            0.026374,            0.024632,           0.0035589,             0.64434,             0.64214,             0.60448,             0.25102,            0.049443,            0.033272,            0.024666,            0.000793,            0.000793,            0.000793
                 188,            0.026921,            0.027176,           0.0040199,             0.67245,             0.63049,             0.59485,              0.2506,            0.049333,             0.03333,            0.024376,           0.0007435,           0.0007435,           0.0007435
                 189,            0.026738,            0.027779,           0.0036862,             0.69058,             0.62217,             0.60619,             0.25474,            0.050026,            0.033343,              0.0243,            0.000694,            0.000694,            0.000694
                 190,            0.026428,            0.026921,           0.0036142,             0.66505,             0.67054,             0.63108,              0.2632,            0.049464,            0.033221,            0.024178,           0.0006445,           0.0006445,           0.0006445
                 191,            0.026546,            0.026296,           0.0038161,             0.64064,             0.69165,             0.62637,             0.26454,            0.049103,            0.033072,            0.023987,            0.000595,            0.000595,            0.000595
                 192,             0.02623,            0.027127,           0.0035442,             0.73274,             0.62208,             0.62913,             0.26915,            0.049093,            0.033169,            0.023933,           0.0005455,           0.0005455,           0.0005455
                 193,            0.025925,            0.026582,           0.0037491,             0.73639,             0.62377,             0.62944,             0.26749,            0.049125,            0.033375,            0.023922,            0.000496,            0.000496,            0.000496
                 194,            0.026911,            0.026373,            0.003877,               0.686,             0.64985,             0.63329,             0.26642,              0.0492,            0.033401,            0.023827,           0.0004465,           0.0004465,           0.0004465
                 195,            0.026274,            0.028259,           0.0037201,             0.70564,             0.62828,             0.63291,             0.26526,            0.049464,            0.033472,            0.023876,            0.000397,            0.000397,            0.000397
                 196,            0.026524,            0.026167,           0.0037909,             0.70244,             0.62668,             0.62766,             0.26581,            0.049236,            0.033524,             0.02401,           0.0003475,           0.0003475,           0.0003475
                 197,            0.026174,             0.02611,           0.0037129,             0.73299,             0.62283,             0.62273,             0.26513,            0.049368,            0.033511,            0.024246,            0.000298,            0.000298,            0.000298
                 198,            0.025888,            0.026086,           0.0035698,             0.72912,             0.61944,             0.62218,             0.26581,            0.049068,            0.033607,            0.024349,           0.0002485,           0.0002485,           0.0002485
                 199,            0.025943,            0.026701,           0.0034687,             0.73314,              0.6171,             0.62362,             0.26575,            0.049132,            0.033698,            0.024399,            0.000199,            0.000199,            0.000199
